,lt,nuc,ns,rexp,sexp,ld,age,fix,entrophy,la,ndev
0,0.006179775280898902,-0.004494382022471899,0.005617977528089901,0.0,0.017977528089887663,-0.0050561797752809,0.0,0.0,0.0,0.13820224719101126,0.0
1,0.0025000000000000356,0.0,0.0008333333333333526,0.0,-0.005833333333333313,0.0,0.0,0.0,0.0,0.1441666666666667,-0.006666666666666643
2,-0.0011235955056179137,0.010112359550561823,0.007865168539325862,0.016853932584269704,6.661338147750939e-17,0.007865168539325862,0.010112359550561844,0.0,0.013483146067415764,0.10786516853932589,0.0011235955056179802
3,0.010606060606060596,0.0,0.002272727272727271,0.006060606060606055,-0.011363636363636354,-0.0030303030303030277,-0.0015151515151515138,0.012878787878787868,-0.004545454545454542,0.1810606060606061,-0.004545454545454542
4,0.03255813953488369,0.022674418604651136,0.0005813953488372104,0.005813953488372103,0.024418604651162745,0.05813953488372092,0.009883720930232553,-0.0005813953488372104,0.0,0.059302325581395345,0.0
5,-6.661338147750939e-17,-0.019230769230769273,-0.02019230769230773,-0.02980769230769238,-0.018269230769230815,-0.04230769230769236,0.0009615384615384026,0.0,-0.0057692307692308155,0.03557692307692303,-0.004807692307692357
6,0.03777777777777787,0.04555555555555559,0.004444444444444496,0.01555555555555561,0.0255555555555556,-0.029999999999999936,0.003333333333333388,0.0,0.0011111111111111293,0.20222222222222225,-0.0011111111111110628
7,0.03831775700934585,0.034112149532710315,0.005607476635514042,0.008411214953271063,-0.007476635514018648,0.04252336448598133,-0.00046728971962612943,0.0014018691588785436,0.030373831775700987,0.1476635514018692,-0.001401869158878477
8,-0.008444444444444454,-0.03111111111111111,0.015111111111111098,0.02977777777777777,0.01777777777777778,-0.04355555555555555,-0.013333333333333353,0.007555555555555538,-0.011111111111111138,0.03422222222222221,-0.00488888888888892
9,-0.01097560975609757,-0.007317073170731714,0.0012195121951219523,0.0,-0.009756097560975618,0.0731707317073171,-0.0024390243902439046,-0.02682926829268295,-0.0012195121951219523,0.012195121951219523,-0.01585365853658538
10,0.02413793103448274,0.034482758620689634,0.0,0.013793103448275867,0.017241379310344796,0.08965517241379309,0.010344827586206872,0.0,-0.017241379310344862,0.08965517241379309,0.0
11,0.03194444444444446,0.03055555555555558,0.0,0.004166666666666652,0.03333333333333335,0.03055555555555558,0.0,0.00833333333333337,0.009722222222222233,0.07500000000000002,0.008333333333333392
12,-0.05039682539682535,0.05634920634920639,-0.014285714285714235,0.0,0.030952380952381,0.057936507936507974,0.0007936507936507908,0.0,-0.007142857142857095,-0.021428571428571373,-0.003968253968253954
13,-0.011067193675889353,0.0,0.00039525691699604515,0.0,-0.002371541501976271,0.0039525691699604515,0.007509881422924902,0.0015810276679841806,0.0,0.10513833992094859,-0.0015810276679841806
14,0.0648648648648649,0.06283783783783785,-0.011486486486486447,0.0047297297297297595,0.052027027027027065,-0.002702702702702675,0.0033783783783783994,0.001351351351351382,-0.014864864864864824,0.10000000000000005,-0.02297297297297296
15,0.04937238493723846,0.03640167364016731,-0.02803347280334729,0.025104602510460206,0.017154811715481146,-0.005020920502092107,0.020920502092050163,-0.0020920502092050654,0.025104602510460206,0.10292887029288696,-0.01715481171548121
16,0.00390625,0.001171875,0.0,0.004296875,0.000390625,0.03828125,0.00546875,-0.00078125,0.005078125,0.082421875,-0.007421875
17,-0.011057692307692334,-0.00528846153846152,0.0,0.007211538461538436,0.0,0.033653846153846124,0.0009615384615384581,0.0,0.0019230769230769162,0.09807692307692306,0.0014423076923076872
18,-0.003973509933774833,0.0013245033112582849,-0.003973509933774854,-0.0006622516556291424,0.01258278145695364,-0.013245033112582783,0.0033112582781457123,0.0,0.003973509933774833,0.05562913907284768,-0.010596026490066236
19,0.0,0.0014492753623187803,-0.0007246376811594236,0.0,-0.04057971014492758,0.004347826086956474,0.0014492753623187803,0.0007246376811593791,0.002173913043478204,-4.4408920985006264e-17,-0.008695652173913104
20,0.023312883435582864,-0.01349693251533739,-0.008588957055214674,0.005521472392638072,-0.04110429447852757,0.03619631901840494,-0.01840490797546006,0.0006134969325153561,0.010429447852760787,0.004294478527607404,-0.012269938650306723
21,0.019711538461538457,0.04375,0.007692307692307665,0.01826923076923075,0.015384615384615353,0.016826923076923062,0.013461538461538459,-0.00625,0.03701923076923077,0.07644230769230768,0.0019230769230768941
22,0.047395833333333345,-0.01875,0.009895833333333348,-0.001041666666666652,0.034375000000000024,0.021874999999999978,-0.015104166666666674,-0.006770833333333348,0.046354166666666655,0.0026041666666666518,0.0171875
23,0.17080291970802924,0.1788321167883212,-0.014598540145985361,-0.009489051094890465,0.018248175182481764,0.02408759124087594,0.007299270072992736,0.0029197080291970988,0.01313868613138689,0.06277372262773726,0.07299270072992703
24,0.11586206896551728,0.12275862068965519,0.006206896551724151,0.008275862068965533,0.05517241379310347,0.10068965517241382,0.028965517241379347,-0.006896551724137922,0.04275862068965521,0.07862068965517247,0.022758620689655194
25,0.0720812182741117,0.016751269035533013,-0.00812182741116747,-0.002538071065989822,0.013705583756345185,0.025380710659898487,0.013705583756345185,0.004568527918781729,0.03248730964467006,0.09644670050761424,0.018781725888324895
26,0.016883116883116854,-0.011038961038961093,-0.006493506493506551,-0.003896103896103953,-0.03961038961038963,-0.0012987012987013102,-0.016233766233766267,-0.0006493506493506551,-0.007142857142857206,0.05519480519480513,-0.0032467532467532977
27,0.014024390243902451,0.06463414634146336,0.0024390243902439046,0.0,0.014024390243902429,0.0018292682926829285,-0.009146341463414642,-0.0024390243902439046,0.06829268292682922,0.07439024390243898,0.013414634146341453
28,0.02358490566037732,0.03459119496855343,0.010062893081760982,0.0018867924528301661,0.019496855345911925,0.019496855345911925,0.0006289308176100183,-0.005345911949685566,0.05094339622641504,0.020440251572327005,-0.017924528301886823
29,-0.01335227272727275,-0.004829545454545459,0.00056818181818179,0.011079545454545436,-0.005113636363636398,0.00994318181818179,0.0014204545454545414,0.009374999999999956,0.0025568181818181436,0.024147727272727248,0.010227272727272706
30,-0.0006079027355623268,-0.011246200607902735,0.0,0.014893617021276584,-0.006686930091185395,0.036170212765957444,0.007598784194528907,-0.0012158054711246314,-0.0018237082066869359,0.051671732522796374,-0.0075987841945288626
31,0.01224489795918371,0.046428571428571465,-0.0005102040816326481,-0.012244897959183643,-0.0020408163265305925,0.034183673469387776,-0.0025510204081632404,0.0,0.002040816326530659,0.09744897959183678,-0.00867346938775504
32,0.026315789473684247,0.009022556390977465,-0.0022556390977443554,-0.0007518796992481036,-0.005263157894736814,0.027819548872180477,0.010150375939849642,2.2204460492503132e-17,0.0022556390977443996,0.08759398496240603,0.0030075187969925256
33,-0.005605381165919287,0.04843049327354261,0.002690582959641241,-0.0022421524663677195,-0.003363228699551568,0.0,0.002466367713004436,0.020852017937219712,-0.0015695067264573704,0.13721973094170406,-0.0011210762331838931
34,0.0074906367041198685,0.009363295880149836,0.007865168539325862,0.013483146067415764,0.0018726591760299671,0.03333333333333337,0.014606741573033743,0.020224719101123646,0.008614232209737848,0.016104868913857717,0.008988764044943842
35,-0.009251101321585908,-0.007488986784140983,0.0022026431718061845,-0.0026431718061674216,0.005286343612334798,0.011013215859030789,-0.003964757709251132,0.0004405286343612369,0.0017621145374449477,0.07753303964757705,-0.0017621145374449477
36,0.009154929577464822,-0.008098591549295774,-0.0021126760563380032,0.007746478873239449,0.0031690140845070714,0.007042253521126774,0.006690140845070447,-0.0021126760563380032,-0.005633802816901401,0.07992957746478872,-0.0028169014084506784
37,0.006825938566552958,0.0023890784982935507,-0.0017064846416381617,0.00648464163822533,-0.0010238907849829059,0.05733788395904442,-0.005460750853242246,0.010580204778156998,0.006825938566552936,0.05733788395904442,-0.0010238907849829059
38,0.0012012012012012185,0.028828828828828847,0.003303303303303351,0.0021021021021021325,-0.0015015015015014787,0.0381381381381382,-0.0006006006006005427,-0.02012012012012008,0.0030030030030030685,0.09249249249249256,0.0030030030030030685
39,-0.005111821086261958,-0.0006389776357827115,0.0,-0.0009584664536741005,-0.0015974440894568342,0.012460063897763617,-0.0009584664536741005,0.0,-0.0015974440894568342,0.03833865814696491,0.00031948881789138904
40,-0.008503401360544194,-0.004421768707483009,0.0,-0.005442176870748305,-0.0020408163265306367,0.023129251700680274,-0.00748299319727892,-0.0003401360544218024,-0.004421768707482987,0.06700680272108842,-0.006122448979591822
41,0.07649402390438251,0.08047808764940242,0.0035856573705179253,-0.007968127490039834,0.012350597609561743,0.05537848605577696,0.01195219123505975,-0.004382470119521908,0.06972111553784865,0.0019920318725099584,0.03944223107569729
42,0.034449760765550265,0.030143540669856493,-0.01196172248803824,-0.041626794258373144,0.0057416267942584035,0.01961722488038282,-0.01770334928229662,0.0004784688995215669,0.002870813397129224,-0.016746411483253554,0.0004784688995215669
43,-0.009446254071661242,-0.003583061889250816,0.0003257328990228014,0.0009771986970684044,0.02508143322475571,0.008143322475570036,-0.0016286644951140072,0.0,0.0003257328990228014,0.026058631921824116,0.0
44,-0.009126984126984095,0.0452380952380953,0.0035714285714286476,-0.006349206349206304,0.0035714285714286255,0.013492063492063533,0.005952380952380998,-0.0011904761904761418,-0.006349206349206327,0.021428571428571463,0.005555555555555624
45,0.03840579710144931,0.017391304347826143,0.0,0.006521739130434833,0.034057971014492816,0.04637681159420295,-0.0036231884057970733,-0.0014492753623188027,0.014492753623188448,0.036231884057971044,-0.013768115942028914
46,0.03537735849056602,-0.01320754716981134,-0.0037735849056604208,0.0037735849056603765,0.014150943396226379,0.033490566037735814,0.009905660377358494,0.003301886792452824,0.006132075471698095,0.04056603773584906,-2.2204460492503132e-17
47,0.0028000000000000026,-0.008800000000000007,-0.006800000000000006,-0.026800000000000025,-0.0020000000000000018,-0.02200000000000002,-0.01080000000000001,-0.0032000000000000028,0.0016000000000000014,0.07079999999999995,-0.0008000000000000007
48,0.03167082294264343,-0.022194513715710684,-0.0009975062344139475,0.009226932668329213,-0.01970074812967577,0.012967581047381582,0.0004987531172070181,2.2204460492503132e-17,0.00024937655860353126,0.11945137157107237,-0.00847880299251864
49,0.017603911980440135,0.0007334963325183574,0.0031784841075795044,0.024205378973105172,0.007334963325183419,-0.016870415647921733,0.0007334963325183796,-0.008801955990220045,0.020782396088019593,0.08215158924205382,0.011980440097799527
50,-0.002941176470588225,0.002941176470588247,-0.000588235294117645,0.005588235294117627,-0.005294117647058805,0.002941176470588225,-0.0020588235294117575,0.00235294117647058,0.03529411764705883,0.07529411764705882,0.010000000000000031
51,0.004956268221574333,0.0282798833819242,0.00874635568513118,-0.017201166180758044,-0.01836734693877553,0.027696793002915433,-0.011078717201166221,-0.00029154518950442744,-0.0005830903790087661,0.06763848396501455,-0.01224489795918371
52,0.013333333333333353,-0.0028282828282827797,0.0,0.011717171717171748,0.002020202020202033,0.019393939393939408,0.00242424242424244,-0.0008080808080808133,0.0072727272727273196,0.12323232323232325,-0.010101010101010078
53,0.02782152230971129,0.01942257217847767,0.01679790026246719,0.0010498687664041828,-0.02834645669291338,0.03464566929133857,-0.0005249343832020692,-0.007874015748031482,0.0036745406824146842,0.03884514435695539,0.010498687664041984
54,-0.0016736401673639767,-0.012970711297071103,0.0008368200836820439,-0.0008368200836819994,-0.002928870292886976,-0.01087866108786606,0.0020920502092050875,-0.01129707112970708,-0.021757322175732164,0.06234309623430969,0.0016736401673640878
55,0.03062200956937795,0.002870813397129135,-0.0071770334928230595,0.00191387559808609,0.007177033492822926,-0.0004784688995215891,-0.00669856459330147,-0.008612440191387604,0.020574162679425755,0.10909090909090906,-0.01961722488038282
56,0.02755102040816333,0.003061224489795977,4.4408920985006264e-17,-0.030612244897959127,-0.027551020408163242,0.019387755102040872,-0.010204081632653007,0.0010204081632653405,0.006122448979591888,0.03367346938775515,0.03979591836734699
57,-0.002777777777777812,-0.017592592592592604,0.0,0.037962962962962955,0.0074074074074073955,-0.010185185185185186,-0.002777777777777812,0.0009259259259259301,0.0009259259259259079,0.04074074074074072,-0.0037037037037037203
58,-0.027692307692307728,0.06615384615384613,0.01692307692307691,0.008461538461538432,0.028461538461538417,-0.006153846153846176,-0.0038461538461538546,-0.013846153846153864,0.024615384615384615,0.02384615384615383,-0.045384615384615426
59,-0.0026490066225165255,-0.019867549668874163,0.0,-0.006622516556291358,0.019867549668874183,-0.0377483443708609,0.009933774834437114,0.001986754966887427,-0.0026490066225165697,-0.005298013245033051,-0.02052980132450326
60,-0.005011389521640086,-0.018223234624145768,-0.0009111617312072884,-0.004100227790432798,0.013667425968109348,-0.0018223234624145767,-0.0031890660592255094,0.005922551252847375,-0.005011389521640086,0.010022779043280172,-0.01093394077448746
61,-0.03102625298329358,-0.042959427207637256,-0.0009546539379474917,-0.009069212410501227,0.0004773269689737347,-0.01670644391408114,-0.019570405727923634,-0.005727923627684972,-0.00811455847255369,-0.003341288782816254,-0.00715990453460622
62,-0.013333333333333374,-0.008750000000000013,0.005833333333333313,0.0033333333333333214,0.0,-0.011250000000000048,0.0033333333333333214,-0.010833333333333361,0.002083333333333326,0.06791666666666665,-0.011250000000000027
63,0.017224880382775122,0.017224880382775122,-0.0009569377990430228,0.020574162679425845,0.007655502392344515,0.0425837320574163,-0.0023923444976076567,0.0009569377990430672,0.01866028708133971,-0.0071770334928229484,-0.005741626794258337
64,0.026190476190476163,-0.0023809523809523946,0.008928571428571397,0.0005952380952380709,0.03095238095238091,0.0035714285714285366,0.0,0.0,0.010119047619047583,0.03749999999999998,0.0005952380952380931
65,0.0026755852842809346,-0.009364548494983272,0.0,0.0033444816053511683,-0.019397993311036775,0.00635451505016722,-0.013043478260869556,0.003678929765886285,0.0006688963210702336,0.10100334448160539,0.02006688963210701
66,0.026972740315638476,0.019799139167862245,0.006886657101865179,0.014060258249641322,0.010043041606886672,0.028407460545193674,0.02123385939741751,-0.003443328550932545,0.007460545193687241,0.06542324246771883,0.010043041606886672
67,0.04527131782945739,0.021705426356589164,-0.005271317829457311,0.0006201550387597177,-0.007131782945736398,0.005891472868217074,-0.0018604651162790642,0.0,0.00806201550387602,0.09550387596899226,0.00031007751937988103
68,0.10413533834586466,0.045112781954887216,0.02142857142857142,-0.004511278195488711,0.029323308270676685,0.022180451127819523,0.023308270676691722,-0.01578947368421051,0.045488721804511266,0.05150375939849623,-0.023684210526315797
69,0.041353383458646586,0.041353383458646566,-0.007142857142857162,0.021052631578947344,0.021052631578947302,0.02669172932330821,0.01766917293233079,0.019172932330827043,0.01917293233082702,0.06917293233082702,0.01466165413533833
70,-0.020377358490566034,-0.01132075471698113,-0.0030188679245283013,-0.007169811320754715,0.015094339622641506,-0.016981132075471715,0.004528301886792452,0.017735849056603768,-0.0033962264150943387,0.004150943396226414,0.03698113207547169
71,0.06728110599078337,-0.02442396313364059,0.007834101382488457,0.05023041474654375,0.005529953917050645,-0.020737327188940124,0.028571428571428536,0.005529953917050645,0.012442396313364034,-0.006451612903225867,0.07235023041474649
72,0.006629834254143629,-0.02928176795580111,-0.010497237569060801,0.00220994475138121,0.009944751381215467,-0.004419889502762442,0.0044198895027623974,-0.0027624309392265457,-0.01049723756906078,0.009944751381215445,-0.028729281767955795
73,0.04770642201834865,-0.022935779816513735,0.022018348623853233,0.005504587155963314,0.11651376146788991,-0.03394495412844036,0.01467889908256883,2.2204460492503132e-17,0.002752293577981657,0.02110091743119269,0.01009174311926606
74,0.13875,0.06125000000000003,0.007499999999999995,0.020000000000000018,0.06875000000000002,-0.006249999999999978,-0.04624999999999997,0.016250000000000007,0.005000000000000027,0.05750000000000004,-0.019999999999999973
75,0.07931034482758625,0.06637931034482762,0.0327586206896552,0.03879310344827587,0.02758620689655176,0.01896551724137936,0.027586206896551734,0.01034482758620694,0.02155172413793105,0.05086206896551726,0.015517241379310365
76,-0.007547169811320753,-0.01132075471698113,0.005031446540880502,0.0062893081761006275,0.0037735849056603765,0.0062893081761006275,-0.0006289308176100628,0.009433962264150941,0.0,0.01823899371069182,-0.0006289308176100628
77,0.09340659340659345,0.045054945054945075,-0.0005494505494505475,0.0,0.0043956043956044025,0.027472527472527486,0.010989010989010995,-0.0038461538461538325,-0.014285714285714301,0.10329670329670333,0.0038461538461538546
78,0.0029761904761904656,0.0047619047619047675,-0.0011904761904761862,0.0023809523809523725,-0.009523809523809513,-0.013690476190476208,0.010714285714285699,0.0005952380952380931,-0.0071428571428571175,-0.023214285714285698,-0.009523809523809513
79,-4.4408920985006264e-17,-0.0021352313167260608,0.003558718861209953,0.007117437722419883,-0.002846975088968007,-0.012099644128113951,0.0007117437722419462,0.0007117437722419905,-0.0014234875444840255,-0.008540925266903976,-0.007117437722419994
80,0.06131386861313866,-0.04744525547445257,-0.0226277372262774,-0.005839416058394176,-0.033576642335766446,-0.07153284671532852,-0.01386861313868617,-0.009489051094890533,-0.03649635036496357,0.0029197080291970545,0.01532846715328462
81,-0.13582089552238802,-0.03880597014925369,0.029850746268656757,-0.01194029850746261,-0.04701492537313427,0.03582089552238812,0.026119402985074647,-0.002238805970149227,0.014925373134328401,-0.03880597014925369,-0.0843283582089552
82,-0.0204081632653061,0.015306122448979598,0.020408163265306145,0.017346938775510235,0.05408163265306125,0.13469387755102044,-0.006122448979591822,-0.004081632653061207,0.019387755102040848,0.04693877551020411,0.10204081632653064
83,-0.005882352941176472,-0.01411764705882359,-0.003529411764705892,0.01411764705882348,-0.03882352941176474,0.011764705882352922,0.036470588235294074,-0.0129411764705883,-0.010588235294117699,-0.0011764705882353343,-0.002352941176470602
84,-0.0369565217391304,-0.07499999999999996,-0.00760869565217388,0.014130434782608736,0.09565217391304351,-0.01521739130434776,-0.03043478260869561,0.0,-0.01956521739130428,0.034782608695652216,-0.00760869565217388
85,-0.009803921568627505,0.03529411764705879,0.05490196078431366,0.05882352941176468,-0.003921568627450989,0.05490196078431368,0.08431372549019603,0.0,0.050980392156862696,0.11176470588235288,0.04509803921568627
86,0.03555555555555556,-2.2204460492503132e-17,-0.008888888888888901,-0.0044444444444444505,0.07111111111111108,0.057777777777777796,0.039999999999999994,-0.035555555555555604,-0.026666666666666707,0.02666666666666666,-0.026666666666666707
87,4.4408920985006264e-17,-0.06799999999999995,-0.007999999999999941,-0.02399999999999991,-0.011999999999999945,-0.01599999999999997,4.4408920985006264e-17,-0.003999999999999981,-0.011999999999999945,-0.003999999999999959,-0.05999999999999994
88,-0.03711340206185563,0.07010309278350521,0.02268041237113405,0.01855670103092788,0.004123711340206238,-0.02474226804123709,0.026804123711340243,0.00824742268041243,0.020618556701030945,-0.004123711340206148,0.006185567010309301
89,0.0013157894736841812,0.01447368421052626,0.002631578947368407,0.022368421052631548,0.03815789473684208,0.005263157894736814,0.03815789473684208,-0.005263157894736903,0.0013157894736841812,0.08026315789473681,0.0
90,0.025757575757575757,-0.0030303030303030277,0.013636363636363624,0.07272727272727278,-0.010606060606060596,0.019696969696969678,0.07878787878787881,-0.006060606060606055,0.048484848484848506,0.08484848484848488,-0.009090909090909084
91,0.026519337016574586,-0.011049723756906094,0.00441988950276242,-0.015469613259668492,0.001104972375690605,0.016574585635359074,0.0022099447513811874,0.00441988950276242,0.014364640883977865,0.02099447513812156,0.006629834254143629
92,0.004188481675392697,0.019895287958115192,0.0,0.030366492146596858,0.013612565445026203,0.00837696335078535,0.056544502617801085,0.0010471204188481798,-0.00523560209424081,0.12251308900523561,0.0
93,-0.002614379084967333,-0.022222222222222254,0.0013071895424836555,0.03529411764705881,0.019607843137254923,-0.01307189542483662,0.04836601307189543,-0.0039215686274509665,-0.015686274509803956,0.13464052287581696,0.0039215686274509665
94,0.010989010989010973,0.00879120879120876,0.015384615384615396,0.0505494505494505,0.008791208791208805,0.06703296703296702,0.0714285714285714,-0.01648351648351649,-0.0065934065934065925,0.017582417582417586,0.05274725274725271
95,0.049624060150375925,0.042105263157894715,0.010526315789473651,0.02857142857142856,0.027067669172932306,0.03157894736842104,0.11428571428571425,0.012030075187969901,0.030075187969924765,0.07067669172932327,0.0601503759398496
96,0.05074626865671639,-0.011940298507462699,-0.0029850746268656803,-0.020895522388059716,-0.02686567164179108,-0.005970149253731338,0.05671641791044775,-0.005970149253731361,-0.014925373134328356,0.09552238805970148,-0.011940298507462699
97,0.08148148148148149,0.01728395061728396,0.022222222222222254,0.03456790123456792,0.0,0.009876543209876566,0.024691358024691377,-0.0024691358024691024,-0.022222222222222164,0.12592592592592594,0.06419753086419755
98,-0.003478260869565242,0.02608695652173909,0.010434782608695636,0.006956521739130417,0.06260869565217389,0.005217391304347796,0.012173913043478235,-0.012173913043478302,0.05217391304347822,0.14782608695652175,0.03130434782608693
99,0.16543209876543208,0.21728395061728395,0.03209876543209873,0.06172839506172838,0.1061728395061728,0.08641975308641972,0.051851851851851816,-4.4408920985006264e-17,0.02469135802469131,0.051851851851851816,0.06666666666666662
100,0.03582089552238803,-4.4408920985006264e-17,0.035820895522388006,-0.014925373134328379,0.008955223880596974,0.02089552238805965,0.03880597014925371,0.0,0.02686567164179101,0.04477611940298505,-0.0029850746268657025
101,0.03875968992248058,0.01705426356589146,-0.004651162790697683,0.04496124031007751,-0.0015503875968992497,-0.013953488372093027,-0.04651162790697676,-0.0015503875968992276,-0.02480620155038764,0.13023255813953485,-0.003100775193798455
102,-0.013740458015267198,-0.007633587786259555,-0.001526717557251911,0.051908396946564885,0.009160305343511466,-0.01526717557251911,0.02900763358778622,-0.009160305343511466,-0.004580152671755733,0.10534351145038165,0.004580152671755733
103,-0.017582417582417586,-0.010989010989010995,0.0,-0.010989010989010973,0.0065934065934065925,-0.00439560439560438,0.015384615384615396,0.0,0.0,0.09890109890109891,0.0
104,-0.002777777777777812,0.008333333333333304,0.011111111111111072,-0.00277777777777779,-4.4408920985006264e-17,-0.0416666666666667,0.008333333333333304,0.0,0.011111111111111072,0.022222222222222164,-2.2204460492503132e-17
105,-0.022222222222222254,0.02222222222222219,0.0,-0.0044444444444444505,0.013333333333333263,0.017777777777777715,0.0,0.0,-0.013333333333333353,0.0533333333333333,0.0
106,-0.027586206896551713,-0.0482758620689655,-0.0034482758620689724,0.0034482758620689724,-0.010344827586206917,-0.05862068965517242,-0.037931034482758606,0.0,-0.03793103448275863,-0.04482758620689653,-0.010344827586206895
107,-0.06315789473684212,0.00350877192982455,-0.017543859649122816,-0.007017543859649145,-0.017543859649122816,0.010526315789473672,0.05263157894736836,-0.0035087719298245723,0.003508771929824528,-0.0035087719298245944,-0.01754385964912284
108,2.2204460492503132e-17,0.016000000000000025,-0.04799999999999999,0.016000000000000014,0.056000000000000015,0.040000000000000015,-0.11199999999999996,0.0,-0.05599999999999998,-0.152,-0.04799999999999997
109,0.08275862068965519,0.006896551724137922,0.027586206896551713,0.0,0.02068965517241379,0.013793103448275845,0.006896551724137922,0.0,0.0,0.08275862068965519,0.02068965517241377
110,0.13548387096774195,0.23870967741935484,0.025806451612903247,0.03225806451612907,0.11612903225806455,0.10967741935483874,0.051612903225806514,0.0,0.058064516129032295,0.10967741935483877,-0.038709677419354806
111,0.10212765957446812,4.4408920985006264e-17,0.0,-0.03404255319148932,-0.025531914893616968,0.08936170212765963,-0.00425531914893611,0.008510638297872353,0.17872340425531918,0.06808510638297878,-0.012765957446808463
112,0.025974025974025983,0.018181818181818188,0.012987012987012991,0.0,0.0051948051948051965,0.02857142857142858,0.018181818181818188,0.007792207792207795,0.012987012987012991,0.03116883116883118,0.010389610389610393
113,-0.021052631578947413,0.018421052631578914,0.010526315789473628,-0.0026315789473684292,-0.013157894736842146,0.005263157894736814,-0.013157894736842146,0.010526315789473628,-0.005263157894736881,0.09473684210526312,0.0
114,0.02222222222222221,0.033333333333333326,0.03888888888888888,0.013888888888888862,-0.03055555555555558,-0.03888888888888888,0.030555555555555537,0.0,-0.075,0.10833333333333335,0.002777777777777768
115,0.062962962962963,0.014814814814814859,0.0,0.0037037037037037203,-0.01481481481481477,0.029629629629629672,-0.011111111111111072,0.0,0.007407407407407441,0.1851851851851852,0.0
116,0.040000000000000015,0.0581818181818182,0.0,0.0,0.007272727272727275,-0.0036363636363636377,0.021818181818181827,0.0,0.0,0.24000000000000007,0.0290909090909091
117,0.03333333333333337,-0.010256410256410197,0.007692307692307732,0.0076923076923077535,0.012820512820512863,0.005128205128205154,0.005128205128205177,0.007692307692307732,0.020512820512820572,0.0666666666666667,0.017948717948717996
118,0.07169811320754714,0.014150943396226356,0.009433962264150896,-0.004245283018867974,-0.002830188679245316,0.017924528301886754,-0.016509433962264185,0.010849056603773532,0.06320754716981128,0.09764150943396223,0.013679245283018804
119,0.09046454767726161,-0.004400977995110011,-0.004889975550122228,0.005378973105134488,0.006845965770171203,0.003911980440097817,-0.011735941320293385,0.008801955990220045,0.02787286063569685,0.11393643031784842,0.022004889975550147
120,0.21355932203389827,0.17288135593220338,0.010169491525423725,0.023728813559322028,0.1864406779661017,0.07796610169491525,0.1389830508474576,0.0,0.02033898305084745,0.1288135593220339,0.20338983050847456
121,0.22898550724637684,0.22898550724637684,0.034782608695652216,0.13623188405797107,0.13913043478260873,0.026086956521739157,0.15072463768115948,0.01449275362318847,0.008695652173913082,-0.011594202898550687,0.07536231884057976
122,0.11063829787234043,0.07659574468085106,-0.029787234042553186,0.008510638297872342,0.09361702127659574,0.05106382978723405,0.0851063829787234,0.0,-0.029787234042553186,0.06382978723404256,0.11063829787234043
123,-0.033734939759036096,-0.04096385542168672,-0.002409638554216853,-0.002409638554216853,-0.028915662650602393,-0.026506024096385517,-0.004819277108433684,-0.002409638554216853,-0.007228915662650559,-0.014457831325301162,-0.019277108433734914
124,-0.0022471910112359605,0.020224719101123535,-0.0022471910112359605,0.0,-0.011235955056179803,-0.008988764044943864,-0.006741573033707882,-0.0022471910112359605,-0.011235955056179803,0.008988764044943776,0.0
125,-0.032653061224489834,-0.03673469387755106,0.0,0.020408163265306055,0.05714285714285709,-4.4408920985006264e-17,0.06530612244897956,0.004081632653061207,-0.012244897959183687,-0.008163265306122502,-0.004081632653061229
126,0.10322580645161294,0.07741935483870972,0.0021505376344086225,4.4408920985006264e-17,-0.06451612903225801,0.01935483870967747,0.05161290322580649,-0.004301075268817201,0.006451612903225867,-0.017204301075268758,0.04086021505376351
127,0.15217391304347824,-0.021739130434782594,0.17826086956521736,0.07826086956521734,0.10869565217391304,0.034782608695652154,0.13043478260869565,0.03913043478260867,0.0,0.1826086956521739,0.1043478260869565
128,0.013333333333333308,-0.0044444444444444505,-0.008888888888888901,-0.0044444444444444505,0.01777777777777778,0.08888888888888888,0.022222222222222254,0.0,-0.013333333333333353,0.07555555555555556,0.0
129,-0.009756097560975641,-4.4408920985006264e-17,0.0,-0.004878048780487832,-0.04878048780487809,-0.039024390243902495,-0.01463414634146345,0.0,-0.019512195121951237,0.1414634146341463,0.014634146341463362
130,-0.006060606060606055,0.021212121212121217,0.0,-0.015151515151515138,-0.009090909090909084,0.021212121212121238,0.01212121212121211,0.0,0.006060606060606055,0.030303030303030297,-0.0030303030303030277
131,0.011428571428571366,0.005714285714285694,0.0,0.011428571428571389,-0.02000000000000004,-0.014285714285714323,0.025714285714285644,0.0,0.0,0.06571428571428564,0.011428571428571389
132,4.4408920985006264e-17,-0.02028985507246377,0.0,-0.01449275362318836,-0.014492753623188382,-0.008695652173913038,-0.005797101449275343,-0.0028985507246376717,-0.008695652173913016,-0.017391304347826077,-0.0028985507246376717
133,-0.01875,0.03125,-0.0125,0.00625,-0.0375,-0.01875,0.0,0.0,-0.01875,-0.03125,0.0
134,-0.062068965517241406,-0.0413793103448276,0.0,-0.013793103448275867,-0.06206896551724139,0.027586206896551734,-0.0068965517241379335,0.0,0.0,-0.05517241379310345,0.0
135,0.029268292682926845,0.0,0.024390243902439046,0.0,0.06829268292682929,0.019512195121951237,0.0,0.0,0.03902439024390246,0.07317073170731708,0.05365853658536589
136,-0.05454545454545454,-0.040909090909090895,0.04999999999999999,-0.009090909090909084,0.004545454545454542,-0.031818181818181815,0.0045454545454545305,0.0,0.02727272727272727,-0.013636363636363624,0.04545454545454545
137,0.017857142857142905,-0.0035714285714285587,0.010714285714285742,0.028571428571428647,0.014285714285714323,0.0035714285714286255,-0.0035714285714285587,-0.0035714285714285366,0.017857142857142905,-0.0035714285714285366,0.025000000000000067
